customer_id,customer_name,customer_type,city
1001,Alpha Tech Solutions,Corporate,Lahore
1002,Bright Retail Store,Retail,Islamabad
1003,City Electronics,Retail,Karachi
1004,Digital Hub Ltd,Corporate,Lahore
1005,Future Mart,Retail,Rawalpindi
1006,Green Valley Traders,Wholesale,Peshawar
1007,Horizon Enterprises,Corporate,Karachi
1008,Metro Gadgets,Retail,Multan
1009,Prime Distribution,Wholesale,Faisalabad
1010,SmartBuy Online,Online,Islamabad
1011,TechWorld,Corporate,Karachi
1012,Urban Devices,Retail,Lahore
