product_id,product_name,category,current_inventory,warehouse,reorder_level,stock_value,inventory_status
101,NexaPhone X1,Smartphones,480,Lahore,200,335520,NORMAL
102,NexaPhone X2,Smartphones,350,Karachi,150,314650,NORMAL
103,NexaBook Air,Laptops,190,Lahore,100,227810,NORMAL
104,NexaBook Pro,Laptops,120,Karachi,80,191880,NORMAL
105,NexaTab 10,Tablets,250,Lahore,150,99750,NORMAL
106,NexaWatch S,Wearables,420,Karachi,250,104580,NORMAL
107,NexaBuds Pro,Audio,500,Lahore,300,74500,NORMAL
108,NexaMonitor 27,Monitors,150,Karachi,100,49350,NORMAL
109,NexaKeyboard K1,Accessories,700,Lahore,400,55300,NORMAL
110,NexaMouse M1,Accessories,850,Karachi,500,41650,NORMAL
