sales_id,invoice_no,order_date,product_id,customer_id,quantity,unit_price,discount_pct,gross_amount,discount_amount,revenue,cogs,gross_profit
1,INV-2024-00001,2024-01-15,101,1008,69,699,10.0,48231,4823.1,43407.9,24308.424000000003,19099.476
2,INV-2024-00002,2024-01-15,102,1003,50,899,0.0,44950,0.0,44950.0,26071.0,18879.0
3,INV-2024-00003,2024-01-15,103,1010,25,1199,8.0,29975,2398.0,27577.0,16546.2,11030.8
4,INV-2024-00004,2024-01-15,104,1005,23,1599,10.0,36777,3677.7,33099.3,19859.58,13239.720000000001
5,INV-2024-00005,2024-01-15,105,1012,44,399,12.0,17556,2106.72,15449.28,8651.596800000001,6797.6831999999995
6,INV-2024-00006,2024-01-15,106,1007,75,249,0.0,18675,0.0,18675.0,11205.0,7470.0
7,INV-2024-00007,2024-01-15,107,1002,105,149,8.0,15645,1251.6,14393.4,8636.039999999999,5757.360000000001
8,INV-2024-00008,2024-01-15,108,1009,36,329,8.0,11844,947.52,10896.48,5884.099200000001,5012.380799999999
9,INV-2024-00009,2024-01-15,109,1004,121,79,12.0,9559,1147.08,8411.92,4542.4368,3869.4831999999997
10,INV-2024-00010,2024-01-15,110,1011,161,49,5.0,7889,394.45,7494.55,4346.839,3147.7110000000002
11,INV-2024-00011,2024-02-15,101,1006,69,699,10.0,48231,4823.1,43407.9,24308.424000000003,19099.476
12,INV-2024-00012,2024-02-15,102,1001,52,899,8.0,46748,3739.84,43008.16,25804.896,17203.264000000003
13,INV-2024-00013,2024-02-15,103,1008,31,1199,10.0,37169,3716.9,33452.1,18064.134000000002,15387.965999999997
14,INV-2024-00014,2024-02-15,104,1003,21,1599,8.0,33579,2686.32,30892.68,16682.0472,14210.6328
15,INV-2024-00015,2024-02-15,105,1010,45,399,10.0,17955,1795.5,16159.5,9372.51,6786.99
16,INV-2024-00016,2024-02-15,106,1005,83,249,5.0,20667,1033.35,19633.65,11780.19,7853.460000000001
17,INV-2024-00017,2024-02-15,107,1012,95,149,12.0,14155,1698.6,12456.4,6975.584000000001,5480.815999999999
18,INV-2024-00018,2024-02-15,108,1007,36,329,10.0,11844,1184.4,10659.6,5756.184,4903.416
19,INV-2024-00019,2024-02-15,109,1002,106,79,10.0,8374,837.4,7536.6,4220.496000000001,3316.1039999999994
20,INV-2024-00020,2024-02-15,110,1009,135,49,8.0,6615,529.2,6085.8,3529.7639999999997,2556.0360000000005
21,INV-2024-00021,2024-03-15,101,1004,63,699,0.0,44037,0.0,44037.0,26422.2,17614.8
22,INV-2024-00022,2024-03-15,102,1011,48,899,0.0,43152,0.0,43152.0,24165.120000000003,18986.879999999997
23,INV-2024-00023,2024-03-15,103,1006,32,1199,8.0,38368,3069.44,35298.56,21179.136,14119.423999999999
24,INV-2024-00024,2024-03-15,104,1001,21,1599,12.0,33579,4029.48,29549.52,16547.731200000002,13001.788799999998
25,INV-2024-00025,2024-03-15,105,1008,53,399,10.0,21147,2114.7,19032.3,10277.442000000001,8754.857999999998
26,INV-2024-00026,2024-03-15,106,1003,71,249,12.0,17679,2121.48,15557.52,8401.060800000001,7156.459199999999
27,INV-2024-00027,2024-03-15,107,1010,109,149,10.0,16241,1624.1,14616.9,8477.802,6139.098
28,INV-2024-00028,2024-03-15,108,1005,39,329,5.0,12831,641.55,12189.45,7313.67,4875.780000000001
29,INV-2024-00029,2024-03-15,109,1012,118,79,8.0,9322,745.76,8576.24,4974.2192,3602.0208000000002
30,INV-2024-00030,2024-03-15,110,1007,131,49,5.0,6419,320.95,6098.05,3292.947,2805.103
31,INV-2024-00031,2024-04-15,101,1002,67,699,10.0,46833,4683.3,42149.7,23603.832000000002,18545.867999999995
32,INV-2024-00032,2024-04-15,102,1009,46,899,0.0,41354,0.0,41354.0,24812.399999999998,16541.600000000002
33,INV-2024-00033,2024-04-15,103,1004,30,1199,8.0,35970,2877.6,33092.4,19193.592,13898.808
34,INV-2024-00034,2024-04-15,104,1011,22,1599,10.0,35178,3517.8,31660.2,17729.712000000003,13930.487999999998
35,INV-2024-00035,2024-04-15,105,1006,43,399,5.0,17157,857.85,16299.15,9127.524000000001,7171.625999999998
36,INV-2024-00036,2024-04-15,106,1001,71,249,5.0,17679,883.95,16795.05,9405.228000000001,7389.821999999998
37,INV-2024-00037,2024-04-15,107,1008,111,149,0.0,16539,0.0,16539.0,8931.060000000001,7607.939999999999
38,INV-2024-00038,2024-04-15,108,1003,31,329,12.0,10199,1223.88,8975.119999999999,5026.0671999999995,3949.0527999999995
39,INV-2024-00039,2024-04-15,109,1010,112,79,8.0,8848,707.84,8140.16,4721.292799999999,3418.8672000000006
40,INV-2024-00040,2024-04-15,110,1005,149,49,8.0,7301,584.08,6716.92,4030.152,2686.768
41,INV-2024-00041,2024-05-15,101,1012,67,699,8.0,46833,3746.64,43086.36,24128.361600000004,18957.998399999997
42,INV-2024-00042,2024-05-15,102,1007,50,899,5.0,44950,2247.5,42702.5,23059.350000000002,19643.149999999998
43,INV-2024-00043,2024-05-15,103,1002,25,1199,0.0,29975,0.0,29975.0,16186.500000000002,13788.499999999998
44,INV-2024-00044,2024-05-15,104,1009,23,1599,10.0,36777,3677.7,33099.3,18535.608000000004,14563.692
45,INV-2024-00045,2024-05-15,105,1004,45,399,12.0,17955,2154.6,15800.4,9164.232,6636.168
46,INV-2024-00046,2024-05-15,106,1011,70,249,8.0,17430,1394.4,16035.6,9300.648,6734.952000000001
47,INV-2024-00047,2024-05-15,107,1006,99,149,0.0,14751,0.0,14751.0,8260.560000000001,6490.439999999999
48,INV-2024-00048,2024-05-15,108,1001,34,329,10.0,11186,1118.6,10067.4,5839.092,4228.308
49,INV-2024-00049,2024-05-15,109,1008,114,79,12.0,9006,1080.72,7925.28,4279.6512,3645.6287999999995
50,INV-2024-00050,2024-05-15,110,1003,130,49,5.0,6370,318.5,6051.5,3630.9,2420.6
51,INV-2024-00051,2024-06-15,101,1010,72,699,8.0,50328,4026.24,46301.76,26855.0208,19446.739200000004
52,INV-2024-00052,2024-06-15,102,1005,42,899,10.0,37758,3775.8,33982.2,20389.319999999996,13592.880000000001
53,INV-2024-00053,2024-06-15,103,1012,31,1199,5.0,37169,1858.45,35310.55,20480.119,14830.431000000004
54,INV-2024-00054,2024-06-15,104,1007,21,1599,10.0,33579,3357.9,30221.1,16923.816000000003,13297.283999999996
55,INV-2024-00055,2024-06-15,105,1002,44,399,8.0,17556,1404.48,16151.52,9690.912,6460.608
56,INV-2024-00056,2024-06-15,106,1009,77,249,10.0,19173,1917.3,17255.7,9318.078000000001,7937.621999999999
57,INV-2024-00057,2024-06-15,107,1004,95,149,12.0,14155,1698.6,12456.4,7224.7119999999995,5231.688
58,INV-2024-00058,2024-06-15,108,1011,33,329,8.0,10857,868.56,9988.44,5993.064,3995.376
59,INV-2024-00059,2024-06-15,109,1006,128,79,8.0,10112,808.96,9303.04,5395.7632,3907.2768000000005
60,INV-2024-00060,2024-06-15,110,1001,144,49,5.0,7056,352.8,6703.2,3887.8559999999998,2815.344
61,INV-2024-00061,2024-07-15,101,1008,66,699,0.0,46134,0.0,46134.0,26757.719999999998,19376.280000000002
62,INV-2024-00062,2024-07-15,102,1003,40,899,10.0,35960,3596.0,32364.0,18123.84,14240.16
63,INV-2024-00063,2024-07-15,103,1010,25,1199,0.0,29975,0.0,29975.0,16786.0,13189.0
64,INV-2024-00064,2024-07-15,104,1005,20,1599,10.0,31980,3198.0,28782.0,15542.28,13239.72
65,INV-2024-00065,2024-07-15,105,1012,44,399,0.0,17556,0.0,17556.0,10182.48,7373.52
66,INV-2024-00066,2024-07-15,106,1007,70,249,5.0,17430,871.5,16558.5,9935.1,6623.4
67,INV-2024-00067,2024-07-15,107,1002,103,149,8.0,15347,1227.76,14119.24,7906.7744,6212.4655999999995
68,INV-2024-00068,2024-07-15,108,1009,37,329,5.0,12173,608.65,11564.35,6244.749000000001,5319.601
69,INV-2024-00069,2024-07-15,109,1004,136,79,8.0,10744,859.52,9884.48,5535.308800000001,4349.171199999999
70,INV-2024-00070,2024-07-15,110,1011,159,49,0.0,7791,0.0,7791.0,4207.14,3583.8599999999997
71,INV-2024-00071,2024-08-15,101,1006,64,699,10.0,44736,4473.6,40262.4,22546.944000000003,17715.456
72,INV-2024-00072,2024-08-15,102,1001,52,899,0.0,46748,0.0,46748.0,27113.839999999997,19634.160000000003
73,INV-2024-00073,2024-08-15,103,1008,29,1199,12.0,34771,4172.52,30598.48,17135.148800000003,13463.331199999997
74,INV-2024-00074,2024-08-15,104,1003,20,1599,8.0,31980,2558.4,29421.6,17064.528,12357.072
75,INV-2024-00075,2024-08-15,105,1010,49,399,5.0,19551,977.55,18573.45,10029.663,8543.787
76,INV-2024-00076,2024-08-15,106,1005,85,249,0.0,21165,0.0,21165.0,12699.0,8466.0
77,INV-2024-00077,2024-08-15,107,1012,90,149,5.0,13410,670.5,12739.5,7388.91,5350.59
78,INV-2024-00078,2024-08-15,108,1007,32,329,10.0,10528,1052.8,9475.2,5495.616,3979.5840000000007
79,INV-2024-00079,2024-08-15,109,1002,111,79,5.0,8769,438.45,8330.55,4831.718999999999,3498.831
80,INV-2024-00080,2024-08-15,110,1009,157,49,12.0,7693,923.16,6769.84,4061.904,2707.936
81,INV-2024-00081,2024-09-15,101,1004,56,699,10.0,39144,3914.4,35229.6,21137.76,14091.84
82,INV-2024-00082,2024-09-15,102,1011,42,899,5.0,37758,1887.9,35870.1,19369.854,16500.246
83,INV-2024-00083,2024-09-15,103,1006,29,1199,8.0,34771,2781.68,31989.32,17914.019200000002,14075.300799999997
84,INV-2024-00084,2024-09-15,104,1001,24,1599,8.0,38376,3070.08,35305.92,21183.552,14122.367999999999
85,INV-2024-00085,2024-09-15,105,1008,47,399,5.0,18753,937.65,17815.35,10689.21,7126.139999999999
86,INV-2024-00086,2024-09-15,106,1003,73,249,10.0,18177,1817.7,16359.3,9488.393999999998,6870.906000000001
87,INV-2024-00087,2024-09-15,107,1010,93,149,12.0,13857,1662.84,12194.16,7316.496,4877.664
88,INV-2024-00088,2024-09-15,108,1005,33,329,8.0,10857,868.56,9988.44,5393.757600000001,4594.6824
89,INV-2024-00089,2024-09-15,109,1012,117,79,12.0,9243,1109.16,8133.84,4880.304,3253.536
90,INV-2024-00090,2024-09-15,110,1007,164,49,0.0,8036,0.0,8036.0,4660.88,3375.12
91,INV-2024-00091,2024-10-15,101,1002,71,699,5.0,49629,2481.45,47147.55,28288.530000000002,18859.02
92,INV-2024-00092,2024-10-15,102,1009,46,899,8.0,41354,3308.32,38045.68,21305.580800000003,16740.099199999997
93,INV-2024-00093,2024-10-15,103,1004,31,1199,5.0,37169,1858.45,35310.55,20480.119,14830.431000000004
94,INV-2024-00094,2024-10-15,104,1011,21,1599,12.0,33579,4029.48,29549.52,15956.740800000001,13592.779199999999
95,INV-2024-00095,2024-10-15,105,1006,54,399,5.0,21546,1077.3,20468.7,11462.472000000002,9006.228
96,INV-2024-00096,2024-10-15,106,1001,88,249,12.0,21912,2629.44,19282.56,10412.582400000001,8869.9776
97,INV-2024-00097,2024-10-15,107,1008,89,149,0.0,13261,0.0,13261.0,7956.599999999999,5304.400000000001
98,INV-2024-00098,2024-10-15,108,1003,32,329,10.0,10528,1052.8,9475.2,5116.608000000001,4358.592
99,INV-2024-00099,2024-10-15,109,1010,123,79,10.0,9717,971.7,8745.3,5247.179999999999,3498.12
100,INV-2024-00100,2024-10-15,110,1005,133,49,5.0,6517,325.85,6191.15,3467.0440000000003,2724.1059999999993
101,INV-2024-00101,2024-11-15,101,1012,69,699,5.0,48231,2411.55,45819.45,27491.67,18327.78
102,INV-2024-00102,2024-11-15,102,1007,46,899,8.0,41354,3308.32,38045.68,20544.6672,17501.0128
103,INV-2024-00103,2024-11-15,103,1002,25,1199,0.0,29975,0.0,29975.0,16186.500000000002,13788.499999999998
104,INV-2024-00104,2024-11-15,104,1009,19,1599,0.0,30381,0.0,30381.0,17620.98,12760.02
105,INV-2024-00105,2024-11-15,105,1004,44,399,5.0,17556,877.8,16678.2,9673.356,7004.844000000001
106,INV-2024-00106,2024-11-15,106,1011,82,249,10.0,20418,2041.8,18376.2,10658.196,7718.004000000001
107,INV-2024-00107,2024-11-15,107,1006,92,149,12.0,13708,1644.96,12063.04,7237.8240000000005,4825.216
108,INV-2024-00108,2024-11-15,108,1001,39,329,0.0,12831,0.0,12831.0,7441.98,5389.02
109,INV-2024-00109,2024-11-15,109,1008,106,79,8.0,8374,669.92,7704.08,4160.2032,3543.8768
110,INV-2024-00110,2024-11-15,110,1003,166,49,0.0,8134,0.0,8134.0,4555.040000000001,3578.959999999999
111,INV-2024-00111,2024-12-15,101,1010,60,699,0.0,41940,0.0,41940.0,23486.4,18453.6
112,INV-2024-00112,2024-12-15,102,1005,48,899,5.0,43152,2157.6,40994.4,24596.64,16397.760000000002
113,INV-2024-00113,2024-12-15,103,1012,27,1199,12.0,32373,3884.76,28488.239999999998,17092.944,11395.295999999998
114,INV-2024-00114,2024-12-15,104,1007,18,1599,8.0,28782,2302.56,26479.44,15358.075199999997,11121.364800000001
115,INV-2024-00115,2024-12-15,105,1002,52,399,12.0,20748,2489.76,18258.239999999998,9859.4496,8398.790399999998
116,INV-2024-00116,2024-12-15,106,1009,69,249,10.0,17181,1718.1,15462.9,8659.224,6803.6759999999995
117,INV-2024-00117,2024-12-15,107,1004,115,149,0.0,17135,0.0,17135.0,9938.3,7196.700000000001
118,INV-2024-00118,2024-12-15,108,1011,41,329,10.0,13489,1348.9,12140.1,7284.06,4856.04
119,INV-2024-00119,2024-12-15,109,1006,118,79,10.0,9322,932.2,8389.8,5033.879999999999,3355.92
120,INV-2024-00120,2024-12-15,110,1001,125,49,10.0,6125,612.5,5512.5,2976.75,2535.75
121,INV-2025-00121,2025-01-15,101,1008,76,699,5.0,53124,2656.2,50467.8,30280.68,20187.120000000003
122,INV-2025-00122,2025-01-15,102,1003,45,899,5.0,40455,2022.75,38432.25,22290.704999999998,16141.545000000002
123,INV-2025-00123,2025-01-15,103,1010,33,1199,12.0,39567,4748.04,34818.96,20891.376,13927.583999999999
124,INV-2025-00124,2025-01-15,104,1005,24,1599,5.0,38376,1918.8,36457.2,20416.032,16041.167999999998
125,INV-2025-00125,2025-01-15,105,1012,52,399,12.0,20748,2489.76,18258.239999999998,10224.6144,8033.625599999998
126,INV-2025-00126,2025-01-15,106,1007,88,249,12.0,21912,2629.44,19282.56,11569.536,7713.024000000001
127,INV-2025-00127,2025-01-15,107,1002,108,149,8.0,16092,1287.36,14804.64,7994.5056,6810.134399999999
128,INV-2025-00128,2025-01-15,108,1009,36,329,12.0,11844,1421.28,10422.72,6045.177599999999,4377.5424
129,INV-2025-00129,2025-01-15,109,1004,142,79,12.0,11218,1346.16,9871.84,5330.793600000001,4541.046399999999
130,INV-2025-00130,2025-01-15,110,1011,139,49,8.0,6811,544.88,6266.12,3634.3495999999996,2631.7704000000003
131,INV-2025-00131,2025-02-15,101,1006,62,699,0.0,43338,0.0,43338.0,26002.8,17335.2
132,INV-2025-00132,2025-02-15,102,1001,47,899,12.0,42253,5070.36,37182.64,20078.6256,17104.0144
133,INV-2025-00133,2025-02-15,103,1008,36,1199,8.0,43164,3453.12,39710.88,21443.8752,18267.0048
134,INV-2025-00134,2025-02-15,104,1003,22,1599,8.0,35178,2814.24,32363.760000000002,17476.4304,14887.329600000001
135,INV-2025-00135,2025-02-15,105,1010,48,399,8.0,19152,1532.16,17619.84,9514.713600000001,8105.126399999999
136,INV-2025-00136,2025-02-15,106,1005,73,249,0.0,18177,0.0,18177.0,9815.58,8361.42
137,INV-2025-00137,2025-02-15,107,1012,95,149,8.0,14155,1132.4,13022.6,7553.107999999999,5469.492000000001
138,INV-2025-00138,2025-02-15,108,1007,42,329,12.0,13818,1658.16,12159.84,6809.510400000001,5350.329599999999
139,INV-2025-00139,2025-02-15,109,1002,122,79,12.0,9638,1156.56,8481.44,4919.2352,3562.2048000000004
140,INV-2025-00140,2025-02-15,110,1009,178,49,10.0,8722,872.2,7849.8,4709.88,3139.92
141,INV-2025-00141,2025-03-15,101,1004,60,699,8.0,41940,3355.2,38584.8,20835.792,17749.008
142,INV-2025-00142,2025-03-15,102,1011,46,899,5.0,41354,2067.7,39286.3,21214.602000000003,18071.698
143,INV-2025-00143,2025-03-15,103,1006,32,1199,12.0,38368,4604.16,33763.84,18907.7504,14856.089599999996
144,INV-2025-00144,2025-03-15,104,1001,20,1599,0.0,31980,0.0,31980.0,17908.800000000003,14071.199999999997
145,INV-2025-00145,2025-03-15,105,1008,55,399,12.0,21945,2633.4,19311.6,10428.264,8883.336
146,INV-2025-00146,2025-03-15,106,1003,93,249,0.0,23157,0.0,23157.0,12504.78,10652.22
147,INV-2025-00147,2025-03-15,107,1010,124,149,10.0,18476,1847.6,16628.4,8979.336000000001,7649.064
148,INV-2025-00148,2025-03-15,108,1005,44,329,12.0,14476,1737.12,12738.880000000001,7643.328,5095.552000000001
149,INV-2025-00149,2025-03-15,109,1012,148,79,5.0,11692,584.6,11107.4,6664.44,4442.96
150,INV-2025-00150,2025-03-15,110,1007,173,49,10.0,8477,847.7,7629.3,4424.994,3204.3060000000005
151,INV-2025-00151,2025-04-15,101,1002,75,699,10.0,52425,5242.5,47182.5,25478.550000000003,21703.949999999997
152,INV-2025-00152,2025-04-15,102,1009,50,899,5.0,44950,2247.5,42702.5,24767.449999999997,17935.050000000003
153,INV-2025-00153,2025-04-15,103,1004,35,1199,12.0,41965,5035.8,36929.2,20680.352,16248.847999999998
154,INV-2025-00154,2025-04-15,104,1011,23,1599,10.0,36777,3677.7,33099.3,19197.594,13901.706000000002
155,INV-2025-00155,2025-04-15,105,1006,51,399,0.0,20349,0.0,20349.0,10988.460000000001,9360.539999999999
156,INV-2025-00156,2025-04-15,106,1001,84,249,0.0,20916,0.0,20916.0,11712.960000000001,9203.039999999999
157,INV-2025-00157,2025-04-15,107,1008,101,149,5.0,15049,752.45,14296.55,8006.068,6290.481999999999
158,INV-2025-00158,2025-04-15,108,1003,38,329,10.0,12502,1250.2,11251.8,6301.008,4950.7919999999995
159,INV-2025-00159,2025-04-15,109,1010,125,79,0.0,9875,0.0,9875.0,5727.5,4147.5
160,INV-2025-00160,2025-04-15,110,1005,150,49,10.0,7350,735.0,6615.0,3969.0,2646.0
161,INV-2025-00161,2025-05-15,101,1012,78,699,12.0,54522,6542.64,47979.36,26868.441600000002,21110.9184
162,INV-2025-00162,2025-05-15,102,1007,47,899,8.0,42253,3380.24,38872.76,22546.2008,16326.559200000003
163,INV-2025-00163,2025-05-15,103,1002,35,1199,8.0,41965,3357.2,38607.8,22392.524,16215.276000000002
164,INV-2025-00164,2025-05-15,104,1009,26,1599,8.0,41574,3325.92,38248.08,22183.8864,16064.193600000002
165,INV-2025-00165,2025-05-15,105,1004,57,399,0.0,22743,0.0,22743.0,12736.080000000002,10006.919999999998
166,INV-2025-00166,2025-05-15,106,1011,90,249,0.0,22410,0.0,22410.0,12101.400000000001,10308.599999999999
167,INV-2025-00167,2025-05-15,107,1006,116,149,8.0,17284,1382.72,15901.28,9540.768,6360.512000000001
168,INV-2025-00168,2025-05-15,108,1001,35,329,12.0,11515,1381.8,10133.2,5877.256,4255.944
169,INV-2025-00169,2025-05-15,109,1008,114,79,10.0,9006,900.6,8105.4,4701.132,3404.268
170,INV-2025-00170,2025-05-15,110,1003,140,49,8.0,6860,548.8,6311.2,3786.72,2524.48
171,INV-2025-00171,2025-06-15,101,1010,62,699,12.0,43338,5200.56,38137.44,22882.464,15254.976000000002
172,INV-2025-00172,2025-06-15,102,1005,54,899,8.0,48546,3883.68,44662.32,25904.1456,18758.1744
173,INV-2025-00173,2025-06-15,103,1012,34,1199,12.0,40766,4891.92,35874.08,21524.448,14349.632000000001
174,INV-2025-00174,2025-06-15,104,1007,27,1599,0.0,43173,0.0,43173.0,24176.88,18996.12
175,INV-2025-00175,2025-06-15,105,1002,56,399,0.0,22344,0.0,22344.0,12065.76,10278.24
176,INV-2025-00176,2025-06-15,106,1009,87,249,0.0,21663,0.0,21663.0,11698.02,9964.98
177,INV-2025-00177,2025-06-15,107,1004,112,149,0.0,16688,0.0,16688.0,9679.039999999999,7008.960000000001
178,INV-2025-00178,2025-06-15,108,1011,39,329,10.0,12831,1283.1,11547.9,6697.781999999999,4850.118
179,INV-2025-00179,2025-06-15,109,1006,140,79,12.0,11060,1327.2,9732.8,5839.679999999999,3893.12
180,INV-2025-00180,2025-06-15,110,1001,159,49,5.0,7791,389.55,7401.45,4292.840999999999,3108.6090000000004
181,INV-2025-00181,2025-07-15,101,1008,79,699,12.0,55221,6626.52,48594.479999999996,26241.0192,22353.460799999997
182,INV-2025-00182,2025-07-15,102,1003,44,899,10.0,39556,3955.6,35600.4,19224.216,16376.184000000001
183,INV-2025-00183,2025-07-15,103,1010,33,1199,10.0,39567,3956.7,35610.3,19941.768000000004,15668.532
184,INV-2025-00184,2025-07-15,104,1005,25,1599,5.0,39975,1998.75,37976.25,22026.225,15950.025000000001
185,INV-2025-00185,2025-07-15,105,1012,52,399,10.0,20748,2074.8,18673.2,11203.92,7469.280000000001
186,INV-2025-00186,2025-07-15,106,1007,91,249,10.0,22659,2265.9,20393.1,11420.136,8972.963999999998
187,INV-2025-00187,2025-07-15,107,1002,105,149,8.0,15645,1251.6,14393.4,8060.304000000001,6333.095999999999
188,INV-2025-00188,2025-07-15,108,1009,35,329,12.0,11515,1381.8,10133.2,5471.928000000001,4661.272
189,INV-2025-00189,2025-07-15,109,1004,147,79,8.0,11613,929.04,10683.96,5983.0176,4700.942399999999
190,INV-2025-00190,2025-07-15,110,1011,154,49,0.0,7546,0.0,7546.0,4376.679999999999,3169.3200000000006
191,INV-2025-00191,2025-08-15,101,1006,71,699,12.0,49629,5955.48,43673.520000000004,26204.112,17469.408000000003
192,INV-2025-00192,2025-08-15,102,1001,54,899,10.0,48546,4854.6,43691.4,24467.184000000005,19224.215999999997
193,INV-2025-00193,2025-08-15,103,1008,30,1199,10.0,35970,3597.0,32373.0,19423.8,12949.2
194,INV-2025-00194,2025-08-15,104,1003,25,1599,12.0,39975,4797.0,35178.0,21106.8,14071.2
195,INV-2025-00195,2025-08-15,105,1010,48,399,5.0,19152,957.6,18194.4,10916.640000000001,7277.76
196,INV-2025-00196,2025-08-15,106,1005,88,249,0.0,21912,0.0,21912.0,11832.480000000001,10079.519999999999
197,INV-2025-00197,2025-08-15,107,1012,112,149,0.0,16688,0.0,16688.0,9679.039999999999,7008.960000000001
198,INV-2025-00198,2025-08-15,108,1007,34,329,0.0,11186,0.0,11186.0,6264.160000000001,4921.839999999999
199,INV-2025-00199,2025-08-15,109,1002,142,79,8.0,11218,897.44,10320.56,5779.5136,4541.046399999999
200,INV-2025-00200,2025-08-15,110,1009,158,49,5.0,7742,387.1,7354.9,4118.744000000001,3236.155999999999
201,INV-2025-00201,2025-09-15,101,1004,65,699,8.0,45435,3634.8,41800.2,25080.12,16720.079999999998
202,INV-2025-00202,2025-09-15,102,1011,54,899,8.0,48546,3883.68,44662.32,24117.6528,20544.6672
203,INV-2025-00203,2025-09-15,103,1006,36,1199,0.0,43164,0.0,43164.0,25898.399999999998,17265.600000000002
204,INV-2025-00204,2025-09-15,104,1001,22,1599,10.0,35178,3517.8,31660.2,18996.12,12664.080000000002
205,INV-2025-00205,2025-09-15,105,1008,48,399,10.0,19152,1915.2,17236.8,10342.08,6894.719999999999
206,INV-2025-00206,2025-09-15,106,1003,89,249,0.0,22161,0.0,22161.0,12853.38,9307.62
207,INV-2025-00207,2025-09-15,107,1010,96,149,10.0,14304,1430.4,12873.6,7724.16,5149.4400000000005
208,INV-2025-00208,2025-09-15,108,1005,34,329,5.0,11186,559.3,10626.7,5738.418000000001,4888.282
209,INV-2025-00209,2025-09-15,109,1012,116,79,12.0,9164,1099.68,8064.32,4838.592,3225.728
210,INV-2025-00210,2025-09-15,110,1007,145,49,0.0,7105,0.0,7105.0,4263.0,2842.0
211,INV-2025-00211,2025-10-15,101,1002,73,699,12.0,51027,6123.24,44903.76,24248.030400000003,20655.7296
212,INV-2025-00212,2025-10-15,102,1009,42,899,0.0,37758,0.0,37758.0,20389.32,17368.68
213,INV-2025-00213,2025-10-15,103,1004,33,1199,12.0,39567,4748.04,34818.96,20891.376,13927.583999999999
214,INV-2025-00214,2025-10-15,104,1011,22,1599,5.0,35178,1758.9,33419.1,20051.46,13367.64
215,INV-2025-00215,2025-10-15,105,1006,47,399,10.0,18753,1875.3,16877.7,10126.62,6751.08
216,INV-2025-00216,2025-10-15,106,1001,95,249,0.0,23655,0.0,23655.0,14193.0,9462.0
217,INV-2025-00217,2025-10-15,107,1008,116,149,12.0,17284,2074.08,15209.92,9125.952,6083.968000000001
218,INV-2025-00218,2025-10-15,108,1003,34,329,8.0,11186,894.88,10291.12,5557.2048,4733.9152
219,INV-2025-00219,2025-10-15,109,1010,115,79,10.0,9085,908.5,8176.5,4742.37,3434.13
220,INV-2025-00220,2025-10-15,110,1005,171,49,8.0,8379,670.32,7708.68,4471.0344,3237.6456000000007
221,INV-2025-00221,2025-11-15,101,1012,77,699,8.0,53823,4305.84,49517.16,26739.266400000004,22777.8936
222,INV-2025-00222,2025-11-15,102,1007,53,899,0.0,47647,0.0,47647.0,25729.38,21917.62
223,INV-2025-00223,2025-11-15,103,1002,29,1199,0.0,34771,0.0,34771.0,20167.18,14603.82
224,INV-2025-00224,2025-11-15,104,1009,27,1599,10.0,43173,4317.3,38855.7,22536.305999999997,16319.394
225,INV-2025-00225,2025-11-15,105,1004,47,399,0.0,18753,0.0,18753.0,10876.74,7876.26
226,INV-2025-00226,2025-11-15,106,1011,73,249,5.0,18177,908.85,17268.15,10360.890000000001,6907.26
227,INV-2025-00227,2025-11-15,107,1006,116,149,8.0,17284,1382.72,15901.28,8586.691200000001,7314.5887999999995
228,INV-2025-00228,2025-11-15,108,1001,35,329,10.0,11515,1151.5,10363.5,5596.29,4767.21
229,INV-2025-00229,2025-11-15,109,1008,148,79,8.0,11692,935.36,10756.64,6023.718400000001,4732.921599999999
230,INV-2025-00230,2025-11-15,110,1003,173,49,5.0,8477,423.85,8053.15,4670.826999999999,3382.3230000000003
231,INV-2025-00231,2025-12-15,101,1010,71,699,8.0,49629,3970.32,45658.68,24655.6872,21002.9928
232,INV-2025-00232,2025-12-15,102,1005,56,899,8.0,50344,4027.52,46316.48,25937.228800000004,20379.2512
233,INV-2025-00233,2025-12-15,103,1012,32,1199,8.0,38368,3069.44,35298.56,20473.1648,14825.395199999999
234,INV-2025-00234,2025-12-15,104,1007,25,1599,8.0,39975,3198.0,36777.0,22066.2,14710.8
235,INV-2025-00235,2025-12-15,105,1002,49,399,8.0,19551,1564.08,17986.92,10432.413599999998,7554.5064
236,INV-2025-00236,2025-12-15,106,1009,82,249,12.0,20418,2450.16,17967.84,10061.9904,7905.8496
237,INV-2025-00237,2025-12-15,107,1004,97,149,12.0,14453,1734.36,12718.64,6868.0656,5850.5743999999995
238,INV-2025-00238,2025-12-15,108,1011,37,329,0.0,12173,0.0,12173.0,6816.880000000001,5356.119999999999
239,INV-2025-00239,2025-12-15,109,1006,127,79,10.0,10033,1003.3,9029.7,5237.226,3792.474000000001
240,INV-2025-00240,2025-12-15,110,1001,166,49,12.0,8134,976.08,7157.92,4008.4352000000003,3149.4847999999997
